<?xml version="1.0" encoding="UTF-8" standalone="yes"?>
<addon id="plugin.video.xembongda"
       name="Xem Bong Da"
       version="1.7.5">

    <requires>
        <import addon="xbmc.python" version="3.0.0"/>
		<import addon="script.module.requests"/>
		<import addon="script.module.beautifulsoup4"/>
    </requires>

    <extension point="xbmc.python.pluginsource"
               library="resources/lib/default.py">
        <provides>video</provides>
    </extension>

    <extension point="xbmc.addon.metadata">
        <summary>Watch videos from my website</summary>
        <description>Custom video addon</description>
        <platform>all</platform>
		<assets>
			<icon>icon.png</icon>
		</assets>
    </extension>
	
</addon>