<addon id="repository.xembongda"
       name="XemBongDa Repository"
       version="1.0.0"
       provider-name="YourName">

    <extension point="xbmc.addon.repository">
        <info>https://huynq2504.github.io/kodi-repo/addons.xml</info>
        <checksum>https://huynq2504.github.io/kodi-repo/addons.xml.md5</checksum>
        <datadir>https://huynq2504.github.io/kodi-repo/</datadir>
    </extension>

    <extension point="xbmc.addon.metadata">
        <summary>XemBongDa Repo</summary>
        <description>Repository cho addon xem bóng đá</description>
        <platform>all</platform>
    </extension>
</addon>