<?xml version="1.0" encoding="UTF-8" standalone="yes"?>
<addon id="repository.giaitri" name="Giai Tri Repository" version="1.2.0" provider-name="cmd">
    <extension point="xbmc.addon.repository">
		<dir>
			<info compressed="false">https://raw.githubusercontent.com/huynq2504/kodi-repo/refs/heads/main/repo/repository.giaitri/addon.xml</info>
			<checksum>https://raw.githubusercontent.com/huynq2504/kodi-repo/refs/heads/main/repo/repository.giaitri/addons.xml.md5</checksum>
			<datadir zip="true">https://raw.githubusercontent.com/huynq2504/kodi-repo/refs/heads/main/repo/repository.giaitri/zips/</datadir>
		</dir>
    </extension>

    <extension point="xbmc.addon.metadata">
        <summary>Giai Tri Repo</summary>
        <description>Repository cho Giai Tri</description>
        <platform>all</platform>
    </extension>
</addon>