<addon id="repository.giaitri"
       name="Giai Tri Repository"
       version="1.0.0"
       provider-name="YourName">

    <extension point="xbmc.addon.repository">
        <info compressed="false">https://raw.githubusercontent.com/huynq2504/kodi-repo/refs/heads/main/repo/repository.giaitri/addon.xml</info>
        <checksum>https://raw.githubusercontent.com/huynq2504/kodi-repo/refs/heads/main/repo/repository.giaitri/addons.xml.md5</checksum>
        <datadir zip="true">https://raw.githubusercontent.com/huynq2504/kodi-repo/refs/heads/main/repo/repository.giaitri/zips/</datadir>
    </extension>

    <extension point="xbmc.addon.metadata">
        <summary>Giai Tri Repo</summary>
        <description>Repository cho Giai Tri</description>
        <platform>all</platform>
    </extension>
</addon>